ID,class
0,4
1,8
10,4
100,1
1000,3
1001,7
1002,3
1003,7
1004,9
1005,4
1006,1
1007,5
1008,8
1009,1
101,2
1010,5
1011,6
1012,3
1013,3
1014,3
1015,4
1016,1
1017,3
1018,8
1019,9
102,1
1020,1
1021,1
1022,4
1023,5
1024,6
1025,9
1026,3
1027,7
1028,6
1029,7
103,2
1030,6
1031,9
1032,8
1033,7
1034,4
1035,9
1036,4
1037,9
1038,9
1039,4
104,5
1040,2
1041,3
1042,4
1043,3
1044,9
1045,1
1046,3
1047,2
1048,1
1049,3
105,1
1050,9
1051,8
1052,0
1053,8
1054,5
1055,3
1056,4
1057,5
1058,3
1059,4
106,7
1060,7
1061,3
1062,4
1063,1
1064,9
1065,4
1066,9
1067,0
1068,7
1069,9
107,4
1070,6
1071,3
1072,4
1073,1
1074,4
1075,3
1076,0
1077,4
1078,3
1079,3
108,4
1080,9
1081,9
1082,9
1083,3
1084,9
1085,4
1086,3
1087,9
1088,9
1089,2
109,3
1090,4
1091,3
1092,7
1093,4
1094,1
1095,4
1096,0
1097,2
1098,7
1099,4
11,6
110,1
1100,1
1101,2
1102,9
1103,1
1104,1
1105,7
1106,0
1107,1
1108,7
1109,6
111,4
1110,2
1111,9
1112,3
1113,1
1114,1
1115,1
1116,7
1117,3
1118,3
1119,2
112,2
1120,4
1121,1
1122,2
1123,9
1124,1
1125,2
1126,2
1127,7
1128,4
1129,0
113,0
1130,3
1131,2
1132,4
1133,6
1134,3
1135,2
1136,7
1137,9
1138,7
1139,7
114,1
1140,9
1141,1
1142,3
1143,7
1144,0
1145,2
1146,2
1147,2
1148,1
1149,2
115,7
1150,2
1151,5
1152,7
1153,4
1154,7
1155,7
1156,1
1157,0
1158,9
1159,1
116,4
1160,1
1161,9
1162,2
1163,0
1164,0
1165,7
1166,3
1167,7
1168,9
1169,1
117,9
1170,6
1171,7
1172,3
1173,2
1174,6
1175,1
1176,4
1177,7
1178,4
1179,2
118,0
1180,3
1181,2
1182,9
1183,6
1184,1
1185,8
1186,9
1187,9
1188,2
1189,7
119,8
1190,7
1191,7
1192,7
1193,4
1194,0
1195,7
1196,5
1197,4
1198,9
1199,7
12,4
120,1
1200,2
1201,4
1202,7
1203,8
1204,4
1205,5
1206,4
1207,8
1208,4
1209,4
121,7
1210,5
1211,2
1212,1
1213,1
1214,7
1215,6
1216,6
1217,0
1218,2
1219,9
122,0
1220,4
1221,5
1222,3
1223,1
1224,9
1225,0
1226,2
1227,0
1228,4
1229,1
123,4
1230,6
1231,0
1232,7
1233,2
1234,9
1235,9
1236,1
1237,2
1238,4
1239,5
124,9
1240,3
1241,1
1242,5
1243,9
1244,7
1245,3
1246,2
1247,5
1248,4
1249,7
125,2
1250,9
1251,3
1252,2
1253,7
1254,0
1255,1
1256,0
1257,1
1258,1
1259,6
126,3
1260,4
1261,3
1262,1
1263,9
1264,4
1265,5
1266,1
1267,0
1268,7
1269,8
127,6
1270,5
1271,0
1272,0
1273,7
1274,0
1275,2
1276,6
1277,6
1278,2
1279,4
128,1
1280,6
1281,4
1282,2
1283,2
1284,7
1285,0
1286,1
1287,9
1288,1
1289,2
129,6
1290,1
1291,9
1292,1
1293,2
1294,9
1295,5
1296,3
1297,3
1298,2
1299,1
13,2
130,1
1300,3
1301,4
1302,6
1303,7
1304,1
1305,3
1306,6
1307,5
1308,6
1309,9
131,9
1310,9
1311,2
1312,9
1313,2
1314,1
1315,9
1316,4
1317,2
1318,8
1319,3
132,9
1320,9
1321,2
1322,2
1323,4
1324,8
1325,5
1326,9
1327,1
1328,2
1329,7
133,7
1330,7
1331,3
1332,3
1333,4
1334,3
1335,7
1336,5
1337,0
1338,2
1339,5
134,2
1340,7
1341,6
1342,9
1343,6
1344,1
1345,7
1346,7
1347,9
1348,1
1349,6
135,3
1350,7
1351,1
1352,1
1353,7
1354,6
1355,1
1356,9
1357,3
1358,7
1359,8
136,2
1360,1
1361,5
1362,3
1363,4
1364,3
1365,3
1366,1
1367,6
1368,7
1369,1
137,0
1370,7
1371,1
1372,2
1373,1
1374,3
1375,9
1376,8
1377,0
1378,4
1379,5
138,1
1380,9
1381,7
1382,3
1383,9
1384,4
1385,7
1386,4
1387,2
1388,3
1389,3
139,3
1390,2
1391,7
1392,9
1393,4
1394,5
1395,2
1396,2
1397,4
1398,9
1399,5
14,1
140,4
1400,1
1401,4
1402,7
1403,3
1404,7
1405,1
1406,5
1407,9
1408,1
1409,4
141,3
1410,1
1411,1
1412,5
1413,3
1414,4
1415,3
1416,3
1417,4
1418,9
1419,4
142,3
1420,4
1421,4
1422,7
1423,2
1424,6
1425,7
1426,7
1427,9
1428,1
1429,4
143,9
1430,4
1431,9
1432,9
1433,1
1434,9
1435,4
1436,3
1437,4
1438,1
1439,6
144,4
1440,1
1441,7
1442,2
1443,3
1444,9
1445,7
1446,1
1447,4
1448,5
1449,6
145,0
1450,2
1451,4
1452,3
1453,2
1454,3
1455,1
1456,3
1457,4
1458,3
1459,1
146,4
1460,4
1461,2
1462,3
1463,4
1464,0
1465,9
1466,3
1467,3
1468,2
1469,5
147,4
1470,4
1471,4
1472,5
1473,7
1474,2
1475,9
1476,7
1477,3
1478,1
1479,7
148,0
1480,9
1481,2
1482,3
1483,2
1484,6
1485,4
1486,2
1487,2
1488,7
1489,7
149,3
1490,1
1491,0
1492,3
1493,4
1494,7
1495,2
1496,9
1497,2
1498,4
1499,4
15,2
150,1
1500,2
1501,4
1502,1
1503,5
1504,3
1505,1
1506,9
1507,4
1508,2
1509,7
151,4
1510,4
1511,0
1512,8
1513,7
1514,2
1515,6
1516,0
1517,4
1518,6
1519,1
152,2
1520,0
1521,4
1522,3
1523,4
1524,4
1525,0
1526,0
1527,4
1528,3
1529,2
153,8
1530,5
1531,7
1532,1
1533,2
1534,6
1535,3
1536,2
1537,4
1538,6
1539,4
154,6
1540,6
1541,5
1542,2
1543,3
1544,6
1545,0
1546,5
1547,8
1548,4
1549,7
155,9
1550,3
1551,7
1552,1
1553,9
1554,9
1555,1
1556,0
1557,2
1558,1
1559,3
156,9
1560,5
1561,3
1562,2
1563,2
1564,1
1565,1
1566,1
1567,3
1568,1
1569,4
157,5
1570,2
1571,3
1572,4
1573,4
1574,0
1575,3
1576,8
1577,9
1578,0
1579,6
158,9
1580,2
1581,5
1582,2
1583,3
1584,3
1585,1
1586,7
1587,7
1588,8
1589,1
159,6
1590,1
1591,9
1592,4
1593,1
1594,7
1595,9
1596,7
1597,9
1598,1
1599,2
16,9
160,1
1600,9
1601,8
1602,4
1603,9
1604,3
1605,2
1606,6
1607,9
1608,4
1609,3
161,0
1610,7
1611,1
1612,4
1613,6
1614,2
1615,2
1616,5
1617,4
1618,7
1619,4
162,4
1620,9
1621,2
1622,4
1623,9
1624,8
1625,0
1626,9
1627,9
1628,1
1629,1
163,2
1630,6
1631,9
1632,5
1633,6
1634,8
1635,0
1636,4
1637,9
1638,5
1639,3
164,4
1640,3
1641,7
1642,0
1643,0
1644,4
1645,4
1646,2
1647,9
1648,7
1649,3
165,6
1650,9
1651,2
1652,0
1653,3
1654,3
1655,3
1656,9
1657,1
1658,9
1659,9
166,3
1660,4
1661,2
1662,7
1663,9
1664,9
1665,9
1666,1
1667,7
1668,6
1669,9
167,3
1670,5
1671,5
1672,3
1673,5
1674,1
1675,7
1676,0
1677,9
1678,7
1679,1
168,5
1680,8
1681,3
1682,3
1683,9
1684,3
1685,4
1686,9
1687,8
1688,3
1689,8
169,9
1690,1
1691,9
1692,0
1693,1
1694,9
1695,5
1696,9
1697,0
1698,7
1699,0
17,3
170,5
1700,7
1701,9
1702,1
1703,9
1704,5
1705,7
1706,7
1707,7
1708,9
1709,4
171,6
1710,4
1711,6
1712,6
1713,0
1714,0
1715,1
1716,9
1717,0
1718,1
1719,0
172,9
1720,0
1721,9
1722,4
1723,3
1724,7
1725,5
1726,3
1727,3
1728,4
1729,4
173,0
1730,9
1731,9
1732,7
1733,6
1734,7
1735,1
1736,1
1737,4
1738,3
1739,7
174,9
1740,9
1741,3
1742,0
1743,0
1744,0
1745,0
1746,4
1747,4
1748,6
1749,1
175,7
1750,4
1751,1
1752,9
1753,0
1754,4
1755,0
1756,3
1757,7
1758,4
1759,9
176,7
1760,4
1761,9
1762,9
1763,7
1764,7
1765,0
1766,9
1767,1
1768,3
1769,1
177,7
1770,7
1771,9
1772,3
1773,4
1774,9
1775,1
1776,2
1777,3
1778,5
1779,2
178,2
1780,3
1781,1
1782,9
1783,4
1784,4
1785,0
1786,1
1787,9
1788,4
1789,7
179,9
1790,7
1791,2
1792,1
1793,7
1794,0
1795,9
1796,1
1797,4
1798,7
1799,4
18,0
180,5
1800,3
1801,0
1802,1
1803,1
1804,2
1805,2
1806,7
1807,9
1808,7
1809,9
181,1
1810,3
1811,7
1812,3
1813,8
1814,7
1815,2
1816,8
1817,4
1818,1
1819,4
182,3
1820,3
1821,0
1822,0
1823,3
1824,0
1825,2
1826,2
1827,5
1828,4
1829,4
183,7
1830,1
1831,3
1832,0
1833,7
1834,4
1835,2
1836,0
1837,3
1838,4
1839,3
184,9
1840,7
1841,3
1842,5
1843,1
1844,9
1845,9
1846,6
1847,4
1848,8
1849,9
185,8
1850,4
1851,3
1852,1
1853,4
1854,0
1855,1
1856,4
1857,5
1858,9
1859,4
186,3
1860,3
1861,3
1862,1
1863,3
1864,4
1865,8
1866,7
1867,9
1868,3
1869,9
187,7
1870,0
1871,7
1872,7
1873,9
1874,9
1875,8
1876,9
1877,9
1878,3
1879,6
188,7
1880,7
1881,2
1882,3
1883,6
1884,2
1885,9
1886,2
1887,3
1888,1
1889,0
189,2
1890,7
1891,5
1892,4
1893,1
1894,4
1895,2
1896,9
1897,4
1898,3
1899,9
19,9
190,3
1900,3
1901,2
1902,9
1903,3
1904,2
1905,5
1906,7
1907,9
1908,4
1909,9
191,4
1910,0
1911,1
1912,9
1913,5
1914,6
1915,3
1916,0
1917,4
1918,1
1919,3
192,6
1920,3
1921,1
1922,0
1923,3
1924,2
1925,7
1926,6
1927,2
1928,4
1929,3
193,6
1930,1
1931,1
1932,9
1933,3
1934,1
1935,7
1936,8
1937,3
1938,4
1939,2
194,3
1940,0
1941,0
1942,9
1943,5
1944,4
1945,9
1946,5
1947,3
1948,9
1949,3
195,4
1950,9
1951,5
1952,3
1953,3
1954,1
1955,3
1956,4
1957,4
1958,1
1959,2
196,2
1960,1
1961,7
1962,7
1963,2
1964,7
1965,2
1966,2
1967,4
1968,8
1969,3
197,3
1970,4
1971,6
1972,2
1973,2
1974,4
1975,3
1976,4
1977,5
1978,9
1979,4
198,3
1980,9
1981,0
1982,4
1983,0
1984,7
1985,2
1986,9
1987,9
1988,0
1989,5
199,4
1990,4
1991,7
1992,3
1993,9
1994,8
1995,2
1996,4
1997,5
1998,5
1999,3
2,1
20,7
200,9
2000,3
2001,4
2002,6
2003,2
2004,8
2005,3
2006,8
2007,8
2008,6
2009,6
201,4
2010,7
2011,9
2012,6
2013,1
2014,4
2015,2
2016,6
2017,4
2018,2
2019,7
202,3
2020,0
2021,7
2022,8
2023,1
2024,4
2025,4
2026,9
2027,4
2028,3
2029,0
203,9
2030,2
2031,5
2032,5
2033,4
2034,9
2035,4
2036,4
2037,0
2038,4
2039,4
204,5
2040,1
2041,9
2042,4
2043,3
2044,7
2045,2
2046,7
2047,6
2048,3
2049,4
205,3
2050,2
2051,1
2052,9
2053,0
2054,9
2055,7
2056,9
2057,4
2058,9
2059,9
206,7
2060,9
2061,9
2062,7
2063,7
2064,4
2065,3
2066,3
2067,6
2068,7
2069,3
207,7
2070,1
2071,8
2072,7
2073,4
2074,9
2075,7
2076,4
2077,1
2078,4
2079,0
208,8
2080,9
2081,1
2082,1
2083,0
2084,7
2085,7
2086,1
2087,4
2088,4
2089,1
209,3
2090,0
2091,4
2092,9
2093,1
2094,2
2095,3
2096,5
2097,4
2098,7
2099,7
21,9
210,6
2100,0
2101,9
2102,0
2103,4
2104,1
2105,7
2106,0
2107,3
2108,7
2109,0
211,6
2110,4
2111,5
2112,4
2113,4
2114,0
2115,1
2116,5
2117,1
2118,7
2119,3
212,1
2120,4
2121,9
2122,1
2123,6
2124,2
2125,9
2126,4
2127,3
2128,2
2129,5
213,2
2130,1
2131,8
2132,1
2133,2
2134,2
2135,6
2136,1
2137,2
2138,4
2139,0
214,0
2140,7
2141,5
2142,0
2143,4
2144,9
2145,4
2146,4
2147,5
2148,9
2149,0
215,0
2150,9
2151,9
2152,9
2153,5
2154,7
2155,1
2156,1
2157,3
2158,2
2159,4
216,8
2160,4
2161,9
2162,6
2163,7
2164,4
2165,4
2166,9
2167,9
2168,3
2169,3
217,3
2170,4
2171,1
2172,0
2173,4
2174,1
2175,8
2176,1
2177,4
2178,9
2179,0
218,0
2180,9
2181,4
2182,1
2183,9
2184,2
2185,9
2186,7
2187,4
2188,5
2189,6
219,4
2190,1
2191,2
2192,6
2193,5
2194,8
2195,2
2196,4
2197,3
2198,1
2199,9
22,0
220,9
2200,4
2201,4
2202,7
2203,9
2204,3
2205,7
2206,0
2207,8
2208,2
2209,7
221,9
2210,9
2211,9
2212,8
2213,4
2214,8
2215,3
2216,3
2217,9
2218,2
2219,1
222,8
2220,4
2221,4
2222,4
2223,4
2224,8
2225,9
2226,1
2227,4
2228,6
2229,4
223,2
2230,9
2231,9
2232,3
2233,6
2234,7
2235,5
2236,7
2237,9
2238,9
2239,6
224,3
2240,1
2241,0
2242,9
2243,0
2244,3
2245,2
2246,7
2247,9
2248,9
2249,1
225,4
2250,2
2251,2
2252,1
2253,1
2254,9
2255,3
2256,6
2257,7
2258,1
2259,3
226,7
2260,7
2261,9
2262,8
2263,9
2264,9
2265,9
2266,2
2267,4
2268,8
2269,7
227,5
2270,2
2271,8
2272,4
2273,9
2274,4
2275,1
2276,0
2277,5
2278,1
2279,6
228,0
2280,4
2281,2
2282,7
2283,5
2284,1
2285,3
2286,0
2287,4
2288,5
2289,6
229,7
2290,9
2291,9
2292,9
2293,3
2294,0
2295,4
2296,0
2297,6
2298,4
2299,9
23,4
230,3
2300,1
2301,9
2302,7
2303,4
2304,0
2305,2
2306,4
2307,1
2308,5
2309,5
231,2
2310,4
2311,1
2312,7
2313,1
2314,3
2315,9
2316,1
2317,7
2318,9
2319,0
232,4
2320,9
2321,0
2322,9
2323,3
2324,4
2325,3
2326,9
2327,1
2328,2
2329,0
233,1
2330,4
2331,3
2332,7
2333,7
2334,4
2335,1
2336,4
2337,2
2338,6
2339,9
234,7
2340,9
2341,6
2342,3
2343,2
2344,6
2345,4
2346,7
2347,7
2348,1
2349,3
235,6
2350,1
2351,1
2352,1
2353,1
2354,3
2355,3
2356,4
2357,2
2358,8
2359,1
236,2
2360,9
2361,2
2362,0
2363,9
2364,9
2365,2
2366,1
2367,9
2368,8
2369,6
237,5
2370,9
2371,2
2372,5
2373,2
2374,6
2375,6
2376,1
2377,4
2378,4
2379,0
238,5
2380,7
2381,7
2382,0
2383,9
2384,3
2385,1
2386,9
2387,0
2388,9
2389,4
239,2
2390,7
2391,0
2392,7
2393,0
2394,4
2395,2
2396,7
2397,7
2398,9
2399,8
24,1
240,2
2400,1
2401,9
2402,2
2403,7
2404,5
2405,2
2406,0
2407,2
2408,9
2409,1
241,4
2410,7
2411,9
2412,4
2413,3
2414,1
2415,3
2416,6
2417,4
2418,0
2419,0
242,4
2420,4
2421,0
2422,2
2423,6
2424,4
2425,7
2426,4
2427,9
2428,9
2429,4
243,6
2430,1
2431,0
2432,0
2433,5
2434,1
2435,9
2436,1
2437,0
2438,5
2439,1
244,1
2440,7
2441,4
2442,4
2443,7
2444,0
2445,8
2446,1
2447,5
2448,3
2449,3
245,7
2450,0
2451,1
2452,4
2453,1
2454,6
2455,9
2456,3
2457,7
2458,9
2459,5
246,2
2460,7
2461,7
2462,7
2463,2
2464,3
2465,5
2466,4
2467,7
2468,2
2469,4
247,0
2470,9
2471,3
2472,8
2473,9
2474,7
2475,4
2476,3
2477,9
2478,5
2479,3
248,5
2480,1
2481,2
2482,9
2483,8
2484,5
2485,4
2486,3
2487,9
2488,9
2489,3
249,5
2490,7
2491,4
2492,4
2493,1
2494,0
2495,0
2496,4
2497,2
2498,0
2499,5
25,3
250,1
2500,6
2501,3
2502,3
2503,0
2504,8
2505,9
2506,9
2507,9
2508,9
2509,5
251,4
2510,7
2511,6
2512,8
2513,0
2514,5
2515,4
2516,3
2517,1
2518,1
2519,9
252,9
2520,3
2521,3
2522,7
2523,1
2524,6
2525,3
2526,3
2527,0
2528,3
2529,3
253,1
2530,7
2531,7
2532,4
2533,7
2534,0
2535,1
2536,2
2537,3
2538,7
2539,4
254,6
2540,2
2541,4
2542,1
2543,3
2544,3
2545,1
2546,9
2547,3
2548,9
2549,4
255,3
2550,6
2551,7
2552,9
2553,6
2554,3
2555,2
2556,3
2557,3
2558,5
2559,6
256,5
2560,5
2561,4
2562,8
2563,3
2564,5
2565,9
2566,4
2567,4
2568,3
2569,9
257,0
2570,7
2571,0
2572,7
2573,0
2574,1
2575,7
2576,6
2577,3
2578,7
2579,5
258,6
2580,1
2581,2
2582,9
2583,4
2584,3
2585,8
2586,8
2587,4
2588,9
2589,4
259,8
2590,9
2591,5
2592,9
2593,1
2594,3
2595,1
2596,2
2597,2
2598,1
2599,1
26,6
260,5
2600,3
2601,0
2602,9
2603,3
2604,5
2605,4
2606,5
2607,1
2608,4
2609,1
261,3
2610,4
2611,4
2612,0
2613,3
2614,1
2615,4
2616,8
2617,2
2618,5
2619,2
262,7
2620,1
2621,6
2622,4
2623,3
2624,4
2625,9
2626,8
2627,2
2628,2
2629,4
263,4
2630,9
2631,3
2632,0
2633,4
2634,7
2635,1
2636,1
2637,7
2638,7
2639,5
264,2
2640,4
2641,1
2642,9
2643,3
2644,5
2645,1
2646,5
2647,4
2648,2
2649,1
265,3
2650,1
2651,4
2652,3
2653,0
2654,2
2655,4
2656,0
2657,4
2658,4
2659,4
266,3
2660,5
2661,9
2662,1
2663,8
2664,4
2665,9
2666,8
2667,4
2668,7
2669,9
267,2
2670,8
2671,1
2672,1
2673,4
2674,2
2675,0
2676,3
2677,2
2678,5
2679,4
268,3
2680,6
2681,2
2682,3
2683,2
2684,8
2685,2
2686,2
2687,9
2688,1
2689,9
269,1
2690,3
2691,4
2692,4
2693,9
2694,5
2695,2
2696,9
2697,7
2698,3
2699,2
27,5
270,6
2700,4
2701,2
2702,3
2703,7
2704,4
2705,1
2706,7
2707,1
2708,3
2709,7
271,2
2710,3
2711,3
2712,9
2713,6
2714,7
2715,0
2716,3
2717,9
2718,7
2719,6
272,3
2720,7
2721,9
2722,5
2723,4
2724,0
2725,2
2726,7
2727,7
2728,2
2729,9
273,3
2730,3
2731,2
2732,9
2733,1
2734,9
2735,2
2736,3
2737,0
2738,4
2739,3
274,7
2740,1
2741,2
2742,5
2743,7
2744,3
2745,3
2746,6
2747,1
2748,2
2749,3
275,4
2750,6
2751,0
2752,3
2753,4
2754,1
2755,9
2756,6
2757,4
2758,6
2759,4
276,8
2760,4
2761,4
2762,8
2763,7
2764,6
2765,3
2766,9
2767,2
2768,4
2769,9
277,1
2770,1
2771,7
2772,4
2773,2
2774,3
2775,0
2776,7
2777,8
2778,5
2779,6
278,4
2780,7
2781,4
2782,5
2783,1
2784,6
2785,7
2786,7
2787,2
2788,6
2789,4
279,8
2790,3
2791,4
2792,5
2793,0
2794,9
2795,2
2796,2
2797,3
2798,1
2799,4
28,6
280,3
2800,1
2801,2
2802,4
2803,0
2804,1
2805,9
2806,9
2807,7
2808,2
2809,3
281,4
2810,4
2811,7
2812,7
2813,3
2814,2
2815,8
2816,4
2817,7
2818,1
2819,9
282,7
2820,2
2821,3
2822,3
2823,6
2824,2
2825,2
2826,3
2827,0
2828,3
2829,2
283,8
2830,3
2831,4
2832,7
2833,3
2834,4
2835,1
2836,0
2837,6
2838,4
2839,4
284,8
2840,0
2841,2
2842,7
2843,1
2844,4
2845,6
2846,2
2847,4
2848,6
2849,4
285,0
2850,9
2851,8
2852,3
2853,9
2854,9
2855,3
2856,2
2857,1
2858,5
2859,9
286,9
2860,2
2861,1
2862,0
2863,0
2864,3
2865,2
2866,6
2867,6
2868,3
2869,7
287,4
2870,0
2871,7
2872,4
2873,8
2874,7
2875,4
2876,2
2877,0
2878,3
2879,9
288,7
2880,6
2881,2
2882,6
2883,8
2884,4
2885,6
2886,7
2887,8
2888,0
2889,9
289,2
2890,6
2891,6
2892,4
2893,6
2894,3
2895,4
2896,4
2897,3
2898,3
2899,0
29,9
290,8
2900,2
2901,9
2902,4
2903,1
2904,4
2905,3
2906,7
2907,9
2908,5
2909,6
291,1
2910,7
2911,0
2912,0
2913,1
2914,3
2915,3
2916,9
2917,7
2918,1
2919,4
292,3
2920,3
2921,8
2922,5
2923,4
2924,9
2925,8
2926,2
2927,7
2928,4
2929,0
293,2
2930,7
2931,4
2932,7
2933,2
2934,3
2935,1
2936,5
2937,6
2938,4
2939,4
294,4
2940,7
2941,3
2942,4
2943,0
2944,1
2945,5
2946,0
2947,6
2948,9
2949,3
295,1
2950,1
2951,0
2952,1
2953,5
2954,1
2955,1
2956,2
2957,1
2958,4
2959,0
296,4
2960,0
2961,2
2962,1
2963,3
2964,3
2965,2
2966,1
2967,6
2968,9
2969,4
297,6
2970,0
2971,4
2972,1
2973,7
2974,4
2975,9
2976,7
2977,1
2978,9
2979,6
298,3
2980,1
2981,4
2982,9
2983,4
2984,9
2985,1
2986,3
2987,1
2988,7
2989,6
299,4
2990,3
2991,0
2992,4
2993,1
2994,3
2995,1
2996,3
2997,5
2998,1
2999,9
3,4
30,7
300,1
3000,8
3001,9
3002,1
3003,1
3004,3
3005,5
3006,7
3007,2
3008,4
3009,2
301,4
3010,0
3011,4
3012,7
3013,0
3014,1
3015,1
3016,0
3017,2
3018,3
3019,3
302,9
3020,3
3021,8
3022,1
3023,9
3024,4
3025,7
3026,7
3027,9
3028,2
3029,2
303,8
3030,4
3031,3
3032,3
3033,3
3034,4
3035,6
3036,3
3037,5
3038,6
3039,3
304,9
3040,0
3041,8
3042,7
3043,5
3044,0
3045,2
3046,3
3047,6
3048,3
3049,0
305,3
3050,5
3051,2
3052,3
3053,6
3054,8
3055,0
3056,9
3057,3
3058,7
3059,3
306,3
3060,0
3061,3
3062,9
3063,1
3064,7
3065,7
3066,3
3067,1
3068,5
3069,4
307,7
3070,0
3071,4
3072,0
3073,2
3074,0
3075,1
3076,0
3077,4
3078,3
3079,9
308,8
3080,0
3081,8
3082,0
3083,0
3084,3
3085,5
3086,2
3087,4
3088,3
3089,9
309,2
3090,9
3091,4
3092,9
3093,1
3094,4
3095,3
3096,9
3097,7
3098,4
3099,3
31,3
310,1
3100,0
3101,1
3102,1
3103,3
3104,3
3105,2
3106,3
3107,1
3108,9
3109,9
311,9
3110,9
3111,1
3112,5
3113,5
3114,9
3115,4
3116,3
3117,3
3118,5
3119,2
312,2
3120,7
3121,3
3122,1
3123,9
3124,7
3125,3
3126,1
3127,1
3128,4
3129,6
313,8
3130,4
3131,4
3132,6
3133,7
3134,8
3135,2
3136,4
3137,1
3138,4
3139,2
314,6
3140,4
3141,9
3142,4
3143,0
3144,4
3145,0
3146,1
3147,3
3148,3
3149,6
315,6
3150,4
3151,6
3152,1
3153,0
3154,3
3155,3
3156,2
3157,5
3158,9
3159,1
316,1
3160,1
3161,5
3162,9
3163,2
3164,9
3165,3
3166,9
3167,4
3168,3
3169,9
317,2
3170,7
3171,2
3172,2
3173,7
3174,3
3175,7
3176,4
3177,3
3178,2
3179,5
318,2
3180,1
3181,4
3182,2
3183,7
3184,6
3185,0
3186,7
3187,1
3188,1
3189,3
319,9
3190,5
3191,1
3192,4
3193,7
3194,4
3195,3
3196,4
3197,1
3198,9
3199,0
32,2
320,4
3200,6
3201,9
3202,3
3203,9
3204,9
3205,8
3206,1
3207,3
3208,9
3209,3
321,1
3210,6
3211,8
3212,8
3213,4
3214,7
3215,0
3216,1
3217,7
3218,0
3219,3
322,9
3220,5
3221,6
3222,1
3223,1
3224,1
3225,6
3226,4
3227,9
3228,7
3229,3
323,6
3230,5
3231,8
3232,6
3233,6
3234,3
3235,4
3236,7
3237,4
3238,7
3239,9
324,4
3240,1
3241,8
3242,7
3243,0
3244,4
3245,6
3246,3
3247,4
3248,0
3249,0
325,9
3250,2
3251,4
3252,3
3253,4
3254,2
3255,0
3256,8
3257,4
3258,1
3259,1
326,6
3260,3
3261,4
3262,1
3263,2
3264,4
3265,2
3266,4
3267,7
3268,4
3269,3
327,4
3270,4
3271,4
3272,4
3273,5
3274,2
3275,6
3276,9
3277,5
3278,4
3279,2
328,4
3280,9
3281,2
3282,4
3283,7
3284,1
3285,0
3286,1
3287,2
3288,3
3289,3
329,1
3290,6
3291,7
3292,0
3293,9
3294,0
3295,4
3296,0
3297,1
3298,4
3299,1
33,4
330,9
3300,9
3301,8
3302,3
3303,7
3304,7
3305,1
3306,6
3307,4
3308,2
3309,8
331,1
3310,4
3311,2
3312,4
3313,2
3314,1
3315,7
3316,2
3317,9
3318,0
3319,4
332,2
3320,2
3321,7
3322,2
3323,9
3324,3
3325,2
3326,5
3327,3
3328,4
3329,4
333,0
3330,4
3331,5
3332,5
3333,1
3334,2
3335,1
3336,0
3337,0
3338,3
3339,8
334,0
3340,9
3341,9
3342,9
3343,6
3344,7
3345,3
3346,0
3347,2
3348,7
3349,4
335,4
3350,3
3351,4
3352,2
3353,4
3354,0
3355,9
3356,6
3357,9
3358,1
3359,7
336,0
3360,2
3361,4
3362,8
3363,5
3364,3
3365,4
3366,3
3367,3
3368,2
3369,3
337,3
3370,2
3371,4
3372,2
3373,7
3374,2
3375,4
3376,1
3377,2
3378,9
3379,4
338,4
3380,4
3381,1
3382,2
3383,6
3384,0
3385,4
3386,0
3387,4
3388,2
3389,0
339,2
3390,4
3391,5
3392,9
3393,3
3394,9
3395,1
3396,4
3397,3
3398,0
3399,0
34,1
340,7
3400,7
3401,6
3402,4
3403,4
3404,4
3405,2
3406,9
3407,7
3408,6
3409,2
341,6
3410,4
3411,5
3412,0
3413,5
3414,7
3415,1
3416,1
3417,3
3418,8
3419,7
342,1
3420,7
3421,4
3422,6
3423,1
3424,7
3425,9
3426,3
3427,2
3428,1
3429,5
343,4
3430,3
3431,4
3432,6
3433,4
3434,5
3435,3
3436,3
3437,0
3438,6
3439,3
344,7
3440,9
3441,0
3442,3
3443,2
3444,7
3445,3
3446,6
3447,1
3448,5
3449,3
345,9
3450,6
3451,4
3452,5
3453,1
3454,5
3455,3
3456,1
3457,1
3458,2
3459,2
346,3
3460,9
3461,9
3462,2
3463,5
3464,0
3465,4
3466,9
3467,7
3468,0
3469,0
347,1
3470,3
3471,0
3472,1
3473,1
3474,0
3475,9
3476,4
3477,0
3478,1
3479,3
348,7
3480,9
3481,2
3482,1
3483,3
3484,9
3485,3
3486,7
3487,4
3488,0
3489,4
349,4
3490,0
3491,0
3492,0
3493,0
3494,8
3495,4
3496,2
3497,2
3498,1
3499,1
35,4
350,1
3500,7
3501,7
3502,4
3503,2
3504,8
3505,4
3506,6
3507,5
3508,4
3509,7
351,2
3510,1
3511,6
3512,0
3513,3
3514,4
3515,4
3516,3
3517,9
3518,4
3519,6
352,6
3520,7
3521,0
3522,1
3523,3
3524,6
3525,9
3526,9
3527,4
3528,0
3529,5
353,4
3530,9
3531,0
3532,4
3533,1
3534,2
3535,4
3536,6
3537,1
3538,7
3539,9
354,3
3540,6
3541,3
3542,7
3543,3
3544,9
3545,9
3546,8
3547,7
3548,5
3549,5
355,9
3550,2
3551,1
3552,8
3553,3
3554,2
3555,0
3556,3
3557,9
3558,4
3559,9
356,7
3560,3
3561,0
3562,1
3563,1
3564,9
3565,1
3566,4
3567,9
3568,6
3569,4
357,1
3570,9
3571,2
3572,3
3573,4
3574,2
3575,4
3576,9
3577,0
3578,8
3579,4
358,1
3580,1
3581,9
3582,8
3583,3
3584,0
3585,5
3586,4
3587,8
3588,9
3589,9
359,9
3590,6
3591,9
3592,6
3593,7
3594,8
3595,4
3596,5
3597,3
3598,4
3599,6
36,1
360,7
3600,6
3601,4
3602,4
3603,5
3604,3
3605,6
3606,2
3607,6
3608,2
3609,7
361,0
3610,7
3611,9
3612,6
3613,4
3614,0
3615,3
3616,1
3617,1
3618,4
3619,4
362,1
3620,2
3621,0
3622,1
3623,1
3624,5
3625,5
3626,9
3627,1
3628,6
3629,4
363,1
3630,3
3631,8
3632,2
3633,5
3634,3
3635,0
3636,0
3637,5
3638,3
3639,2
364,1
3640,2
3641,0
3642,9
3643,0
3644,2
3645,6
3646,2
3647,4
3648,8
3649,4
365,4
3650,6
3651,5
3652,4
3653,2
3654,3
3655,2
3656,3
3657,3
3658,9
3659,9
366,0
3660,2
3661,2
3662,1
3663,0
3664,7
3665,3
3666,3
3667,5
3668,4
3669,8
367,6
3670,9
3671,3
3672,6
3673,4
3674,4
3675,6
3676,6
3677,3
3678,9
3679,6
368,4
3680,8
3681,0
3682,1
3683,6
3684,9
3685,0
3686,1
3687,4
3688,9
3689,3
369,4
3690,1
3691,9
3692,3
3693,4
3694,4
3695,6
3696,6
3697,4
3698,4
3699,9
37,4
370,4
3700,2
3701,0
3702,0
3703,1
3704,1
3705,8
3706,5
3707,7
3708,3
3709,5
371,4
3710,7
3711,8
3712,6
3713,4
3714,6
3715,3
3716,7
3717,9
3718,2
3719,7
372,2
3720,4
3721,9
3722,9
3723,8
3724,5
3725,3
3726,4
3727,2
3728,8
3729,4
373,0
3730,4
3731,7
3732,4
3733,4
3734,2
3735,6
3736,1
3737,1
3738,1
3739,2
374,1
3740,0
3741,8
3742,3
3743,4
3744,9
3745,1
3746,3
3747,8
3748,2
3749,7
375,4
3750,9
3751,3
3752,3
3753,1
3754,7
3755,9
3756,0
3757,3
3758,3
3759,3
376,4
3760,9
3761,7
3762,4
3763,9
3764,6
3765,0
3766,2
3767,8
3768,5
3769,9
377,4
3770,1
3771,4
3772,5
3773,1
3774,4
3775,3
3776,2
3777,9
3778,4
3779,8
378,1
3780,9
3781,7
3782,1
3783,5
3784,3
3785,3
3786,7
3787,6
3788,1
3789,7
379,7
3790,7
3791,1
3792,3
3793,0
3794,1
3795,7
3796,4
3797,3
3798,4
3799,2
38,7
380,3
3800,3
3801,0
3802,7
3803,6
3804,8
3805,4
3806,3
3807,4
3808,1
3809,6
381,8
3810,4
3811,2
3812,0
3813,7
3814,6
3815,6
3816,1
3817,4
3818,9
3819,3
382,9
3820,7
3821,6
3822,2
3823,6
3824,4
3825,2
3826,0
3827,4
3828,0
3829,5
383,3
3830,5
3831,4
3832,8
3833,3
3834,7
3835,2
3836,1
3837,2
3838,0
3839,1
384,3
3840,4
3841,3
3842,0
3843,6
3844,0
3845,9
3846,6
3847,9
3848,1
3849,6
385,4
3850,0
3851,5
3852,9
3853,7
3854,2
3855,1
3856,7
3857,9
3858,4
3859,1
386,4
3860,6
3861,4
3862,7
3863,4
3864,7
3865,1
3866,2
3867,4
3868,3
3869,8
387,3
3870,4
3871,0
3872,8
3873,2
3874,3
3875,4
3876,2
3877,0
3878,4
3879,3
388,6
3880,3
3881,1
3882,1
3883,9
3884,9
3885,9
3886,7
3887,7
3888,2
3889,3
389,9
3890,3
3891,9
3892,6
3893,5
3894,4
3895,4
3896,3
3897,1
3898,2
3899,3
39,9
390,6
3900,3
3901,0
3902,1
3903,0
3904,7
3905,4
3906,5
3907,9
3908,6
3909,0
391,1
3910,7
3911,5
3912,1
3913,8
3914,4
3915,6
3916,5
3917,6
3918,7
3919,8
392,1
3920,2
3921,0
3922,4
3923,9
3924,4
3925,9
3926,2
3927,9
3928,2
3929,0
393,1
3930,8
3931,1
3932,9
3933,4
3934,7
3935,0
3936,3
3937,9
3938,0
3939,4
394,9
3940,9
3941,6
3942,3
3943,8
3944,4
3945,9
3946,7
3947,0
3948,4
3949,2
395,4
3950,9
3951,6
3952,4
3953,2
3954,8
3955,1
3956,9
3957,3
3958,3
3959,4
396,7
3960,3
3961,3
3962,0
3963,6
3964,0
3965,1
3966,8
3967,4
3968,9
3969,4
397,9
3970,9
3971,9
3972,6
3973,8
3974,2
3975,5
3976,9
3977,4
3978,2
3979,3
398,3
3980,1
3981,1
3982,4
3983,4
3984,0
3985,2
3986,0
3987,4
3988,4
3989,3
399,3
3990,1
3991,1
3992,5
3993,9
3994,3
3995,2
3996,9
3997,1
3998,1
3999,4
4,1
40,8
400,1
4000,6
4001,9
4002,8
4003,9
4004,2
4005,2
4006,7
4007,0
4008,0
4009,3
401,6
4010,6
4011,3
4012,5
4013,0
4014,6
4015,1
4016,2
4017,6
4018,4
4019,3
402,7
4020,6
4021,6
4022,4
4023,6
4024,1
4025,0
4026,4
4027,2
4028,0
4029,1
403,9
4030,7
4031,9
4032,4
4033,4
4034,4
4035,9
4036,3
4037,4
4038,2
4039,7
404,6
4040,1
4041,1
4042,2
4043,0
4044,4
4045,3
4046,7
4047,9
4048,3
4049,7
405,3
4050,3
4051,7
4052,8
4053,7
4054,9
4055,4
4056,4
4057,0
4058,3
4059,5
406,2
4060,7
4061,9
4062,7
4063,2
4064,6
4065,9
4066,4
4067,4
4068,0
4069,5
407,3
4070,2
4071,4
4072,1
4073,9
4074,9
4075,6
4076,1
4077,3
4078,7
4079,1
408,9
4080,4
4081,0
4082,0
4083,1
4084,5
4085,9
4086,2
4087,7
4088,6
4089,3
409,7
4090,2
4091,0
4092,4
4093,5
4094,4
4095,7
4096,2
4097,8
4098,1
4099,1
41,2
410,4
4100,7
4101,9
4102,3
4103,2
4104,9
4105,8
4106,3
4107,4
4108,0
4109,0
411,2
4110,8
4111,0
4112,7
4113,0
4114,0
4115,5
4116,0
4117,3
4118,7
4119,1
412,9
4120,2
4121,7
4122,3
4123,4
4124,9
4125,9
4126,7
4127,0
4128,4
4129,3
413,0
4130,2
4131,7
4132,7
4133,4
4134,3
4135,1
4136,4
4137,8
4138,7
4139,0
414,9
4140,4
4141,3
4142,3
4143,5
4144,7
4145,1
4146,1
4147,7
4148,1
4149,2
415,5
4150,6
4151,6
4152,1
4153,1
4154,9
4155,3
4156,3
4157,9
4158,7
4159,5
416,0
4160,9
4161,4
4162,3
4163,4
4164,6
4165,6
4166,2
4167,1
4168,4
4169,7
417,2
4170,7
4171,9
4172,5
4173,1
4174,3
4175,1
4176,4
4177,4
4178,9
4179,4
418,7
4180,4
4181,6
4182,0
4183,3
4184,3
4185,5
4186,8
4187,6
4188,1
4189,9
419,7
4190,7
4191,3
4192,6
4193,1
4194,2
4195,2
4196,5
4197,2
4198,3
4199,5
42,9
420,4
4200,5
4201,4
4202,2
4203,3
4204,1
4205,9
4206,0
4207,8
4208,4
4209,0
421,7
4210,0
4211,3
4212,6
4213,2
4214,5
4215,9
4216,1
4217,1
4218,7
4219,9
422,4
4220,6
4221,4
4222,4
4223,1
4224,4
4225,4
4226,2
4227,1
4228,6
4229,1
423,7
4230,0
4231,4
4232,1
4233,4
4234,3
4235,3
4236,0
4237,2
4238,1
4239,5
424,4
4240,2
4241,1
4242,0
4243,9
4244,4
4245,3
4246,7
4247,3
4248,1
4249,3
425,1
4250,5
4251,2
4252,8
4253,0
4254,3
4255,3
4256,5
4257,2
4258,7
4259,5
426,0
4260,9
4261,3
4262,6
4263,3
4264,9
4265,4
4266,2
4267,6
4268,0
4269,8
427,1
4270,0
4271,9
4272,2
4273,9
4274,0
4275,2
4276,5
4277,4
4278,6
4279,7
428,8
4280,5
4281,2
4282,1
4283,2
4284,5
4285,2
4286,1
4287,7
4288,2
4289,5
429,9
4290,4
4291,7
4292,1
4293,5
4294,3
4295,7
4296,4
4297,4
4298,1
4299,4
43,3
430,4
4300,9
4301,7
4302,8
4303,1
4304,0
4305,6
4306,9
4307,2
4308,3
4309,1
431,9
4310,1
4311,8
4312,7
4313,2
4314,8
4315,2
4316,8
4317,0
4318,1
4319,9
432,9
4320,2
4321,4
4322,1
4323,0
4324,8
4325,8
4326,2
4327,3
4328,1
4329,3
433,3
4330,5
4331,4
4332,2
4333,6
4334,0
4335,3
4336,5
4337,4
4338,7
4339,6
434,4
4340,4
4341,0
4342,0
4343,4
4344,7
4345,7
4346,2
4347,1
4348,7
4349,1
435,9
4350,7
4351,1
4352,2
4353,9
4354,3
4355,0
4356,0
4357,0
4358,1
4359,5
436,0
4360,6
4361,3
4362,4
4363,3
4364,3
4365,4
4366,9
4367,5
4368,9
4369,1
437,7
4370,3
4371,3
4372,3
4373,9
4374,7
4375,9
4376,9
4377,8
4378,2
4379,6
438,3
4380,6
4381,7
4382,7
4383,0
4384,1
4385,9
4386,7
4387,3
4388,2
4389,7
439,6
4390,7
4391,3
4392,9
4393,3
4394,0
4395,4
4396,7
4397,9
4398,9
4399,9
44,1
440,1
4400,1
4401,2
4402,0
4403,0
4404,9
4405,9
4406,0
4407,8
4408,9
4409,1
441,0
4410,3
4411,7
4412,8
4413,3
4414,1
4415,1
4416,4
4417,0
4418,2
4419,6
442,7
4420,3
4421,1
4422,1
4423,5
4424,4
4425,0
4426,5
4427,5
4428,5
4429,6
443,7
4430,2
4431,3
4432,2
4433,9
4434,4
4435,3
4436,5
4437,0
4438,4
4439,0
444,7
4440,6
4441,6
4442,7
4443,1
4444,5
4445,3
4446,9
4447,6
4448,9
4449,4
445,9
4450,1
4451,1
4452,4
4453,3
4454,3
4455,4
4456,6
4457,1
4458,5
4459,3
446,7
4460,7
4461,7
4462,2
4463,0
4464,9
4465,6
4466,4
4467,1
4468,7
4469,4
447,1
4470,3
4471,3
4472,1
4473,7
4474,0
4475,1
4476,6
4477,2
4478,7
4479,5
448,6
4480,8
4481,3
4482,3
4483,8
4484,4
4485,1
4486,2
4487,0
4488,7
4489,1
449,4
4490,1
4491,3
4492,9
4493,0
4494,4
4495,2
4496,1
4497,1
4498,2
4499,7
45,0
450,2
4500,1
4501,3
4502,0
4503,9
4504,2
4505,3
4506,1
4507,3
4508,3
4509,7
451,4
4510,8
4511,0
4512,0
4513,1
4514,8
4515,7
4516,4
4517,5
4518,4
4519,3
452,4
4520,9
4521,3
4522,0
4523,7
4524,7
4525,4
4526,5
4527,9
4528,2
4529,2
453,8
4530,3
4531,7
4532,3
4533,1
4534,6
4535,0
4536,6
4537,7
4538,0
4539,4
454,4
4540,2
4541,2
4542,3
4543,9
4544,8
4545,3
4546,2
4547,7
4548,5
4549,1
455,9
4550,5
4551,3
4552,4
4553,4
4554,4
4555,1
4556,4
4557,6
4558,7
4559,2
456,6
4560,2
4561,3
4562,4
4563,4
4564,9
4565,3
4566,6
4567,6
4568,6
4569,8
457,2
4570,7
4571,1
4572,8
4573,0
4574,4
4575,8
4576,9
4577,4
4578,3
4579,4
458,8
4580,2
4581,4
4582,1
4583,4
4584,2
4585,1
4586,6
4587,2
4588,7
4589,1
459,2
4590,2
4591,4
4592,1
4593,2
4594,6
4595,4
4596,2
4597,7
4598,6
4599,7
46,2
460,6
4600,1
4601,3
4602,1
4603,1
4604,4
4605,7
4606,9
4607,5
4608,7
4609,3
461,7
4610,0
4611,9
4612,7
4613,1
4614,4
4615,7
4616,0
4617,9
4618,0
4619,3
462,7
4620,7
4621,6
4622,4
4623,1
4624,4
4625,1
4626,7
4627,3
4628,4
4629,1
463,0
4630,0
4631,3
4632,7
4633,4
4634,1
4635,1
4636,6
4637,7
4638,3
4639,0
464,7
4640,9
4641,0
4642,9
4643,9
4644,7
4645,5
4646,7
4647,0
465,4
466,4
467,9
468,4
469,0
47,1
470,4
471,9
472,9
473,4
474,9
475,4
476,3
477,5
478,2
479,6
48,2
480,9
481,0
482,4
483,2
484,2
485,3
486,1
487,7
488,4
489,4
49,4
490,0
491,0
492,6
493,8
494,6
495,5
496,9
497,9
498,1
499,1
5,7
50,4
500,9
501,0
502,4
503,9
504,4
505,4
506,3
507,1
508,2
509,3
51,3
510,9
511,7
512,2
513,3
514,9
515,7
516,2
517,9
518,1
519,4
52,1
520,7
521,5
522,3
523,5
524,3
525,3
526,0
527,2
528,1
529,9
53,9
530,5
531,3
532,0
533,4
534,4
535,3
536,0
537,3
538,1
539,7
54,1
540,3
541,7
542,1
543,8
544,7
545,2
546,8
547,4
548,4
549,7
55,0
550,3
551,3
552,9
553,9
554,4
555,1
556,1
557,4
558,3
559,4
56,4
560,1
561,1
562,9
563,4
564,1
565,4
566,4
567,4
568,6
569,1
57,0
570,6
571,8
572,4
573,7
574,9
575,1
576,1
577,7
578,5
579,9
58,0
580,4
581,3
582,3
583,4
584,8
585,7
586,3
587,3
588,3
589,3
59,1
590,3
591,7
592,2
593,2
594,2
595,3
596,4
597,7
598,7
599,1
6,5
60,6
600,6
601,2
602,8
603,4
604,9
605,9
606,1
607,2
608,0
609,2
61,2
610,9
611,3
612,0
613,1
614,0
615,1
616,2
617,4
618,0
619,3
62,5
620,0
621,2
622,7
623,6
624,7
625,9
626,4
627,4
628,2
629,9
63,9
630,8
631,9
632,4
633,4
634,0
635,6
636,1
637,2
638,6
639,4
64,5
640,1
641,4
642,4
643,1
644,4
645,4
646,7
647,1
648,7
649,6
65,7
650,1
651,4
652,4
653,9
654,3
655,8
656,2
657,7
658,4
659,2
66,3
660,5
661,9
662,7
663,2
664,4
665,3
666,4
667,3
668,7
669,9
67,0
670,0
671,1
672,3
673,0
674,2
675,2
676,7
677,1
678,3
679,5
68,1
680,1
681,7
682,4
683,9
684,4
685,4
686,7
687,1
688,9
689,2
69,2
690,1
691,2
692,1
693,3
694,0
695,1
696,9
697,4
698,0
699,0
7,0
70,4
700,6
701,4
702,2
703,1
704,7
705,4
706,4
707,0
708,2
709,4
71,3
710,4
711,3
712,4
713,5
714,0
715,5
716,0
717,0
718,9
719,1
72,7
720,0
721,2
722,0
723,2
724,9
725,9
726,7
727,0
728,4
729,2
73,5
730,4
731,7
732,7
733,5
734,1
735,6
736,0
737,9
738,8
739,2
74,9
740,4
741,1
742,0
743,3
744,8
745,1
746,9
747,7
748,0
749,9
75,3
750,4
751,3
752,7
753,4
754,2
755,1
756,5
757,2
758,7
759,3
76,6
760,3
761,0
762,9
763,3
764,7
765,9
766,9
767,4
768,3
769,7
77,7
770,4
771,3
772,2
773,9
774,1
775,0
776,8
777,0
778,4
779,2
78,8
780,2
781,0
782,1
783,6
784,7
785,8
786,7
787,6
788,9
789,9
79,0
790,8
791,4
792,4
793,0
794,6
795,0
796,7
797,0
798,3
799,4
8,1
80,0
800,4
801,0
802,4
803,5
804,2
805,7
806,3
807,9
808,5
809,5
81,6
810,3
811,2
812,3
813,3
814,1
815,9
816,1
817,4
818,3
819,3
82,1
820,9
821,0
822,7
823,4
824,1
825,3
826,5
827,3
828,9
829,4
83,6
830,4
831,2
832,9
833,9
834,3
835,6
836,9
837,5
838,0
839,9
84,3
840,0
841,6
842,5
843,3
844,4
845,2
846,3
847,1
848,9
849,4
85,5
850,2
851,4
852,3
853,0
854,7
855,1
856,2
857,2
858,4
859,0
86,3
860,4
861,1
862,5
863,6
864,5
865,3
866,2
867,9
868,9
869,1
87,4
870,9
871,3
872,6
873,1
874,2
875,9
876,9
877,4
878,4
879,8
88,2
880,9
881,5
882,2
883,3
884,7
885,7
886,2
887,3
888,0
889,7
89,2
890,3
891,2
892,4
893,0
894,1
895,7
896,3
897,4
898,2
899,0
9,1
90,9
900,6
901,2
902,0
903,0
904,6
905,3
906,0
907,8
908,9
909,9
91,4
910,7
911,7
912,9
913,6
914,4
915,7
916,0
917,0
918,0
919,4
92,3
920,9
921,7
922,1
923,9
924,7
925,2
926,5
927,1
928,7
929,2
93,2
930,0
931,2
932,0
933,2
934,9
935,6
936,1
937,4
938,9
939,5
94,0
940,7
941,8
942,0
943,0
944,6
945,5
946,0
947,8
948,3
949,3
95,3
950,9
951,1
952,2
953,9
954,4
955,4
956,0
957,4
958,2
959,3
96,2
960,7
961,3
962,3
963,9
964,2
965,8
966,4
967,1
968,1
969,3
97,1
970,4
971,9
972,0
973,4
974,2
975,4
976,9
977,3
978,1
979,7
98,3
980,9
981,2
982,2
983,1
984,0
985,4
986,0
987,9
988,1
989,9
99,0
990,7
991,9
992,9
993,8
994,3
995,1
996,3
997,5
998,3
999,7
